tier,word,utterance_type,object_present,speaker,timestamp,basic_level
*FAN,bear+hunt,r,n,MOT,31967460_31968890,bear
*FAN,bear+hunt,r,y,MOT,32017910_32019550,bear
*FAN,bear+hunt,r,n,MOT,32054070_32054670,bear
*CHN,bear+hunt,r,n,MOT,32084370_32085480,bear
*FAN,bear+hunt,r,n,MOT,32124880_32125480,bear
*FAN,bear+hunt,r,n,MOT,32158420_32159640,bear
*FAN,bear+hunt,r,n,MOT,32238650_32239290,bear
*MAN,bear+hunt,d,n,FAT,38863990_38865400,bear
*CXN,bear+hunt,d,n,TVS,39504570_39506610,bear
*CXN,bear+hunt,q,n,TVS,39511690_39512490,bear
*CXN,bear+hunt,s,n,TVS,39521400_39522200,bear
*TVF,bear+hunt,d,n,TVS,39545100_39546100,bear
*FAN,ball,q,y,MOT,35790_37200,ball
*OLN,ball,q,y,MOT,42150_43350,ball
*SIL,ball,q,y,MOT,115660_117270,ball
*OLN,ball,q,y,MOT,8037000_8037830,ball
*CXN,ball,q,y,MOT,8530140_8531260,ball
*FAN,ball,d,n,MOT,15716480_15718140,ball
*FAN,ball,d,n,MOT,15760980_15764220,ball
*FAN,ball,d,n,MOT,15760980_15764220,ball
*OLN,ball,q,y,MOT,15773910_15775080,ball
*CXN,ball,q,y,MOT,15775880_15776910,ball
*FAN,ball,r,d,MOT,18661590_18663370,ball
*FAN,nose,d,n,MOT,1274930_1276710,nose
*SIL,nose,d,y,MOT,1285100_1286240,nose
*OLN,nose,d,y,MOT,3697450_3699610,nose
*FAN,nose,q,y,MOT,7987200_7988450,nose
*CHN,nose,r,n,MOT,18000510_18002410,nose
*FAN,nose,r,y,MOT,18761540_18763970,nose
*FAN,nose,r,y,MOT,18764600_18766170,nose
*OLN,nose,d,n,MOT,29685930_29686730,nose
*FAN,nose,d,y,MOT,29824770_29827840,nose
*OLF,nose,d,y,MOT,29828910_29829810,nose
*FAN,nose,r,y,MOT,32192050_32195080,nose
*FAN,dog,r,y,MOT,5047450_5049410,dog
*OLN,dog,r,y,MOT,5110470_5112540,dog
*FAN,dog,r,y,MOT,18571180_18573450,dog
*FAN,gifts,r,y,MOT,18648270_18652120,gift
*FAN,dog,r,y,MOT,18648270_18652120,dog
*FAN,gift,r,y,MOT,18683810_18687390,gift
*FAN,dog,r,y,MOT,18683810_18687390,dog
*FAN,pinata,r,y,MOT,18683810_18687390,pinata
*OLN,dog,d,y,MOT,18734890_18735860,dog
*FAN,gift,r,y,MOT,18754720_18757430,gift
*FAN,dog,r,y,MOT,18754720_18757430,dog
*FAN,dog,r,y,MOT,18861480_18862510,dog
*FAN,dog,r,y,MOT,32405070_32405850,dog
*FAN,dog,r,y,MOT,32532020_32533880,dog
*FAN,diaper,q,y,MOT,2181330_2183310,diaper
*FAN,diaper,q,n,MOT,6808710_6809750,diaper
*FAN,diaper,d,y,MOT,7130920_7132590,diaper
*OLN,diaper,d,n,MOT,17294310_17295240,diaper
*FAN,diaper,d,n,MOT,17297830_17300940,diaper
*FAN,diaper,d,y,MOT,17572700_17575340,diaper
*FAN,diaper,d,n,MOT,29669150_29669760,diaper
*FAN,diaper,q,y,MOT,29756880_29757880,diaper
*FAN,mitten,r,y,MOT,5293030_5296250,mitten
*FAN,mitten,r,y,MOT,5308280_5310270,mitten
*FAN,mitten,r,y,MOT,5316100_5319160,mitten
*FAN,mitten,r,y,MOT,5336300_5337190,mitten
*FAN,hat,r,y,MOT,5336300_5337190,hat
*FAN,mitten,r,y,MOT,5344680_5345690,mitten
*FAN,mitten,r,y,MOT,5356950_5359310,mitten
*FAN,cat,r,y,MOT,5356950_5359310,cat
*CXN,mitten,r,y,MOT,5370920_5371920,mitten
*FAN,mitten,r,y,MOT,5436250_5438950,mitten
*FAN,snow,r,y,MOT,4219260_4222480,snow
*FAN,snow,d,n,MOT,4237250_4239980,snow
*FAN,snowman,d,n,MOT,4237250_4239980,snowman
*FAN,snow,d,n,MOT,4240770_4244110,snow
*FAN,snowman+building,d,n,MOT,4240770_4244110,snowman
*FAN,balls,r,y,MOT,4275620_4282920,ball
*FAN,snow,r,y,MOT,4275620_4282920,snow
*FAN,christmas+tree,r,y,MOT,4275620_4282920,christmas+tree
*FAN,sack,r,y,MOT,4333140_4340770,sack
*FAN,snow,r,y,MOT,4333140_4340770,snow
*FAN,hands,r,y,MOT,4357980_4367770,hand
*FAN,fiddler,r,y,MOT,4357980_4367770,NA
*FAN,bells,r,n,MOT,4357980_4367770,bell
*FAN,snow,r,y,MOT,4357980_4367770,snow
*FAN,snow,r,y,MOT,5452250_5454260,snow
*FAN,snow,r,y,MOT,19010130_19011290,snow
*FAN,train,r,y,MOT,5050020_5051040,train
*FAN,train,r,y,MOT,5053520_5055820,train
*FAN,train,r,y,MOT,5065990_5070680,train
*FAN,bridge,r,y,MOT,5065990_5070680,bridge
*OLN,train,r,y,MOT,5084160_5085430,train
*OLN,mountain,r,y,MOT,5084160_5085430,mountain
*OLF,train,r,y,MOT,5101280_5102740,train
*FAN,train,q,y,MOT,5115790_5116820,train
*FAN,train,r,y,MOT,5214840_5215700,train
*FAN,train,d,y,MOT,5239520_5242220,train
*FAN,bed,r,y,MOT,4203330_4206830,bed
*FAN,treats,r,n,MOT,4203330_4206830,NA
*FAN,bed,r,y,MOT,5833540_5836880,bed
*FAN,bed,d,y,MOT,5843750_5844750,bed
*FAN,bed,r,y,MOT,5978670_5980050,bed
*FAN,fire,r,y,MOT,5978670_5980050,fire
*FAN,bed,r,y,MOT,19033630_19036930,bed
*FAN,eyes,r,y,MOT,19033630_19036930,eye
*FAN,bed,r,y,MOT,19074950_19076000,bed
*FAN,bed,r,y,MOT,32232530_32234130,bed
*FAN,covers,r,y,MOT,32232530_32234130,covers
*FAN,river,r,n,MOT,18011770_18014950,river
*CHN,river,r,n,MOT,18016430_18016750,river
*FAN,river,r,y,MOT,18016750_18017820,river
*FAN,river,r,y,MOT,18016750_18017820,river
*FAN,river,r,n,MOT,32025930_32028660,river
*FAN,river,r,n,MOT,32029260_32031550,river
*CHN,river,r,y,MOT,32218940_32219470,river
*FAN,snowmen,r,y,MOT,4192440_4195680,snowman
*FAN,snowmen,r,y,MOT,4207630_4209160,snowman
*FAN,snowmen,r,y,MOT,4246640_4249410,snowman
*FAN,snowmen,r,y,MOT,4251200_4256050,snowman
*FAN,snowmen,r,y,MOT,4268300_4270350,snowman
*FAN,fiddle,r,y,MOT,4312800_4317260,fiddle
*FAN,snowmen,r,y,MOT,4312800_4317260,snowman
*FAN,snowmen,r,y,MOT,4353530_4357380,snowman
*FAN,mittens,r,y,MOT,5379460_5381090,mitten
*FAN,mittens,d,y,MOT,5391660_5394070,mitten
*FAN,mittens,r,y,MOT,5414420_5416820,mitten
*FAN,mittens,r,y,MOT,5425760_5426370,mitten
*FAN,mittens,r,y,MOT,5429730_5432370,mitten
*FAN,mittens,r,y,MOT,5448190_5449730,mitten
*CXN,sun,r,y,MOT,5548910_5549710,sun
*FAN,sun,r,y,MOT,5585460_5587670,sun
*FAN,sun,r,y,MOT,5647890_5648900,sun
*OLN,sun,r,y,MOT,5648900_5649700,sun
*FAN,sun,r,y,MOT,5662290_5664420,sun
*CHN,sun,r,y,MOT,5851880_5852620,sun
*MAN,vest,d,y,FAT,36884210_36886820,vest
*MAN,vest,q,n,FAT,37581570_37582730,vest
*FAN,vest,s,y,FAT,38278860_38280500,vest
*OLF,vest,d,y,FAT,38374820_38378060,vest
*MAN,vest,s,y,FAT,38603770_38604800,vest
*MAN,vest,d,y,FAT,38623820_38626190,vest
*FAN,bridge,r,n,MOT,6116640_6117770,bridge
*FAN,bridge,r,n,MOT,6118610_6119680,bridge
*FAN,bridge,d,y,MOT,6166400_6167400,bridge
*FAN,pooh+sticks,r,y,MOT,31691580_31693010,stick
*FAN,bridge,r,y,MOT,31691580_31693010,bridge
*FAN,donkey,q,n,MOT,32659500_32660520,donkey
*FAN,carrot,q,n,MOT,32659500_32660520,carrot
*OLN,carrot,q,n,MOT,36875050_36876290,carrot
*FAN,carrot,q,y,MOT,37132550_37134370,carrot
*MAN,carrot,q,n,MOT,37304180_37305280,carrot
*FAN,applesauce,d,y,MOT,37866000_37870310,applesauce
*FAN,carrot,d,n,MOT,37866000_37870310,carrot
*FAN,door,r,y,MOT,5254420_5255430,door
*FAN,door,r,y,MOT,19103230_19103840,door
*FAN,door,r,y,MOT,19173130_19174160,door
*FAN,door,r,y,MOT,32226400_32231680,door
*FAN,door,r,y,MOT,32226400_32231680,door
*FAN,stairs,r,y,MOT,32226400_32231680,stairs
*FAN,gift,r,y,MOT,18679770_18680510,gift
*FAN,gift,r,y,MOT,18820740_18822400,gift
*FAN,gift,r,y,MOT,18894700_18896420,gift
*FAN,grass,r,n,MOT,5420430_5421030,grass
*FAN,grass,r,y,MOT,5621320_5622740,grass
*OLN,grass,r,y,MOT,31975730_31977790,grass
*CHN,grass,r,y,MOT,31978690_31979290,grass
*FAN,grass,r,y,MOT,32219580_32223250,grass
*FAN,light,d,y,MOT,2195940_2197980,light
*FAN,light,r,y,MOT,19026990_19028060,light
*FAN,car,r,y,MOT,19062350_19064730,car
*FAN,light,r,y,MOT,19062350_19064730,light
*FAN,light,r,y,MOT,19141520_19143390,light
*FAN,light,r,y,MOT,19172250_19173130,light
*FAN,bear,d,y,MOT,5119620_5120730,bear
*FAN,bear,r,y,MOT,5731840_5733820,bear
*CHN,eyes,r,y,MOT,32199190_32202560,eyes
*CHN,bear,r,y,MOT,32199190_32202560,bear
*FAN,bear,d,y,MOT,32253520_32254950,bear
*FAN,chicken,d,y,MOT,5127020_5128030,chicken
*FAN,chicken,r,y,MOT,32519640_32522600,chicken
*OLN,chicken,d,y,MOT,33582340_33587150,chicken
*CXN,chicken,d,y,MOT,33592290_33593330,chicken
*FAN,eyes,r,n,MOT,5427370_5428130,eye
*FAN,eyes,r,y,MOT,6047420_6048860,eye
*FAF,fish,q,y,MOT,114180_115660,fish
*MAF,fish,q,y,FAT,165380_166410,fish
*FAF,fish,d,y,FAT,168240_169260,fish
*MAF,fish,d,y,FAT,169260_171070,fish
*MAF,food,q,y,FAT,643180_644480,NA
*FAN,food,r,y,MOT,5934910_5935610,NA
*CHN,food,r,y,MOT,5978240_5978670,NA
*CXN,food,q,y,MOT,7553010_7558790,NA
*FAN,lights,r,y,MOT,4225570_4226600,light
*CHN,lights,r,y,MOT,17833050_17833570,light
*OLN,lights,r,y,MOT,17861240_17862270,light
*CXN,lights,r,y,MOT,18014950_18015770,light
*FAN,moose,r,y,MOT,32528680_32531170,moose
*FAN,moose,q,n,MOT,32665600_32666970,moose
*FAN,moose,q,n,MOT,32672690_32674630,moose
*FAN,moose,r,y,MOT,32690170_32692100,moose
*FAN,muffin,r,y,MOT,32690170_32692100,muffin
*CHN,mud,r,y,MOT,32061300_32061950,mud
*CHN,mud,r,y,MOT,32063330_32063990,mud
*CHN,mud,r,y,SIS,32067280_32068630,mud
*CHN,mud,r,y,MOT,32215960_32216590,mud
*CXN,muffin,n,n,SIS,32674630_32675770,muffin
*FAN,muffin,d,n,MOT,32675770_32677880,muffin
*FAN,muffin,r,y,MOT,32747450_32749200,muffin
*FAN,pinata,r,y,MOT,18695120_18697070,pinata
*FAN,tree,r,y,MOT,18695120_18697070,tree
*FAN,dogs,r,y,MOT,18699910_18702640,dog
*FAN,pinata,r,y,MOT,18699910_18702640,pinata
*FAN,stick,r,y,MOT,18699910_18702640,stick
*FAN,pinata,r,y,MOT,18716170_18718640,pinata
*FAN,dogs,r,y,MOT,18716170_18718640,dog
*TVN,treats,r,y,MOT,4299180_4300180,NA
*FAN,treats,r,y,MOT,18698200_18699220,NA
*CXN,treats,r,y,MOT,18718640_18719760,NA
*OLN,applesauce,q,y,MOT,37603450_37604250,applesauce
*MAN,applesauce,d,y,FAT,38076800_38078480,applesauce
*CHN,bags,r,y,MOT,17855960_17856430,bag
*FAN,pistons,r,n,MOT,17891820_17903140,piston
*FAN,crusher+blade,r,n,MOT,17891820_17903140,blade
*FAN,blade,r,n,MOT,17891820_17903140,blade
*FAN,bags,r,n,MOT,17891820_17903140,bag
*FAN,bags,r,n,MOT,17891820_17903140,bag
*FAN,dipper+stick,r,n,MOT,18102550_18105320,dipper+stick
*FAN,bucket,r,y,MOT,18102550_18105320,bucket
*FAN,bucket,r,y,MOT,18207930_18209820,bucket
*FAN,dirt,r,y,MOT,18207930_18209820,dirt
*FAN,bucket,r,y,MOT,18251820_18253240,bucket
*FAN,carrots,d,n,MOT,33828150_33829230,carrot
*FAN,carrots,d,y,MOT,34444510_34446140,carrot
*FAN,carrots,q,y,MOT,34448840_34450040,carrot
*CHN,cave,r,y,MOT,32166570_32169030,cave
*CHN,cave,r,y,MOT,32169430_32171265,cave
*FAN,cave,r,y,MOT,32205910_32209670,cave
*FAN,snow+storm,r,y,MOT,32205910_32209670,snow
*CXN,cow,r,y,MOT,32297350_32298380,cow
*FAN,cow,r,y,MOT,32409310_32410920,cow
*FAN,clover,r,y,MOT,32409310_32410920,clover
*FAN,cow,r,y,MOT,32554770_32558380,cow
*FAN,duck,r,y,MOT,32306480_32309670,duck
*FAN,duck,r,y,MOT,32517700_32518820,duck
*FAN,duck,r,y,MOT,32599750_32602780,duck
*FAN,eggplant,q,y,MOT,1150350_1151980,eggplant
*FAN,eggplant,q,y,MOT,6962910_6964350,eggplant
*FAN,eggplant,d,y,MOT,7222220_7225550,eggplant
*FAN,engine,r,y,MOT,5164090_5165240,engine
*FAN,engine,r,n,MOT,5220720_5222930,engine
*CHN,engine,r,n,MOT,17882520_17883560,engine
*FAN,face,d,n,MOT,1320170_1321340,face
*FAN,face,r,y,MOT,6060900_6063150,face
*FAN,face,r,y,MOT,19103840_19106330,face
*OLF,feet,q,y,MOT,14975650_14976570,foot
*CXN,feet,q,y,MOT,14976570_14977570,foot
*CXN,feet,r,n,MOT,32281790_32283260,foot
*FAN,forest,r,y,MOT,32091630_32092720,forest
*FAN,forest,r,y,MOT,32094450_32095740,forest
*CHN,forest,r,y,MOT,32212220_32213220,forest
*FAN,frog,r,y,MOT,5072540_5074160,frog
*FAN,turkey,r,y,MOT,32400520_32405070,turkey
*FAN,frog,r,y,MOT,32400520_32405070,frog
*FAN,rabbit,r,y,MOT,32534700_32538070,rabbit
*FAN,frog,r,y,MOT,32534700_32538070,frog
*FAN,garbage+truck,d,n,MOT,17886680_17888020,garbage+truck
*FAN,garbage+truck,r,y,MOT,18053610_18054620,garbage+truck
*FAN,garbage+truck,d,n,MOT,18057850_18059210,garbage+truck
*FAN,gums,d,n,MOT,17014850_17020270,gums
*FAN,teeth,d,n,MOT,17014850_17020270,tooth
*CXN,gums,d,n,SIS,17232210_17233170,gums
*OLN,gums,d,n,SIS,17233170_17234680,gums
*FAN,ice+cream,r,y,MOT,4300180_4302170,ice+cream
*FAN,snow+cones,r,y,MOT,4300180_4302170,snow+cones
*FAN,ice+cream,r,y,MOT,18584360_18587860,ice+cream
*FAN,cookies,r,y,MOT,18584360_18587860,cookie
*FAN,decorations,r,y,MOT,18584360_18587860,NA
*FAN,ice+cream,r,y,MOT,18859590_18860650,ice+cream
*FAN,mountain,r,y,MOT,6071020_6075610,mountain
*FAN,mountain,r,y,MOT,6114680_6115830,mountain
*FAN,pool,r,y,MOT,5598480_5599090,pool
*FAN,pool,d,y,MOT,5609650_5611330,pool
*FAN,floatie,d,y,MOT,5609650_5611330,NA
*FAN,pool,d,y,MOT,5611330_5611940,pool
*FAN,rabbit,d,y,MOT,5121800_5123240,rabbit
*NOF,rabbit,r,n,MOT,19081510_19082670,rabbit
*FAN,school,r,y,MOT,5949870_5952070,school
*FAN,school,r,y,MOT,5952870_5955000,school
*FAN,school,r,y,MOT,6064150_6065780,school
*FAN,snow+storm,r,y,MOT,32134040_32135150,snow
*FAN,snow+storm,r,y,MOT,32135750_32140060,snow
*FAN,stars,r,y,MOT,5723910_5724510,star
*FAN,stars,d,y,MOT,5737400_5739180,star
*FAN,stars,r,y,MOT,5741290_5744390,star
*FAN,teeth,r,y,MOT,18974590_18975620,tooth
*FAN,bread,r,y,MOT,19135380_19137910,bread
*FAN,teeth,r,y,MOT,19135380_19137910,tooth
*FAN,tree,r,y,MOT,18726730_18728770,tree
*FAN,garage,r,y,MOT,18726730_18728770,garage
*CXN,tree,s,n,TVS,39525770_39526770,tree
*CHN,trees,r,y,MOT,5622740_5623650,tree
*FAN,birds,r,y,MOT,19084710_19086260,bird
*FAN,trees,r,y,MOT,19084710_19086260,tree
*FAN,trees,q,y,MOT,32118970_32120500,tree
*FAN,appendix,r,n,MOT,19048980_19050710,NA
*CHN,appendix,r,y,MOT,19162550_19162800,NA
*MAN,applesauce+eater,d,n,FAT,38243440_38245830,applesauce
*FAN,applesauce+eater,d,n,FAT,38255210_38256320,applesauce
*FAN,arm,d,y,MOT,5778770_5780550,arm
*FAN,arm,r,y,MOT,19057870_19059460,arm
*FAN,arms,r,y,MOT,4188930_4189710,arm
*OLN,arms,d,y,MOT,33579000_33581390,arm
*FAN,backhoe+loader,r,y,MOT,18131700_18132780,backhoe
*FAN,backhoe+loader,r,y,MOT,18266730_18269200,backhoe
*FAN,bath,r,n,MOT,18222310_18223490,bath
*OLN,bath,d,n,FAT,38629030_38629830,bath
*FAN,book,d,y,MOT,4157640_4159220,book
*FAN,book,d,y,MOT,17805600_17806670,book
*FAN,books,d,y,MOT,5714820_5716130,book
*FAN,books,r,y,MOT,5943770_5944370,book
*CHN,brakes,r,n,MOT,17843720_17844730,brakes
*OLN,brakes,r,y,MOT,17863310_17864130,brakes
*FAN,bread,r,y,MOT,18972580_18973730,bread
*MAF,buttons,q,y,FAT,654030_655050,button
*FAN,buttons,r,y,MOT,32812030_32814080,button
*OLN,cake,r,n,MOT,18239470_18240510,cake
*FAN,cake,r,y,MOT,18902130_18904420,cake
*FAN,car,q,n,MOT,3761880_3762900,car
*FAN,cat,r,y,MOT,5364040_5365310,cat
*FAN,clothes,r,y,MOT,5935610_5938570,clothes
*FAN,clothes,d,y,MOT,7048310_7050900,clothes
*FAN,dirt,r,y,MOT,18253840_18255680,dirt
*FAN,donkey,r,y,MOT,32350590_32353510,donkey
*CXN,fireflies,r,y,MOT,5721890_5723090,firefly
*MAN,fireflies,s,y,FAT,38287210_38288340,firefly
*FAN,flowers,r,y,MOT,19069180_19071350,flower
*FAN,flowers,r,y,MOT,19106330_19107420,flower
*FAN,vase,r,y,MOT,19106330_19107420,vase
*FAN,garage,r,y,MOT,18040350_18046670,garage
*FAF,gifts,r,y,MOT,18634220_18635020,gift
*FAN,gobs,r,y,MOT,17928030_17930220,NA
*FAN,gobs,r,y,MOT,17928030_17930220,NA
*FAN,gum,r,y,MOT,17928030_17930220,gum
*FAN,hair,d,y,MOT,11973370_11973970,hair
*FAN,hair,d,y,MOT,16061030_16062650,hair
*FAN,ponytail,d,y,MOT,16061030_16062650,ponytail
*FAN,hand,r,y,MOT,5296970_5297970,hand
*TVF,hand,r,n,MOT,5440770_5441780,hand
*FAN,hands,r,n,MOT,32285200_32287480,hand
*FAN,hat,r,y,MOT,4181840_4188930,hat
*FAN,holly,r,y,MOT,4181840_4188930,holly
*CXN,head,q,y,MOT,3619570_3620380,head
*FAN,head,r,y,MOT,5337190_5338440,head
*FAN,holly,r,y,MOT,4272020_4272620,holly
*FAN,hopper,r,y,MOT,17872880_17875040,NA
*CHN,hopper,r,y,MOT,17877970_17879240,NA
*FAN,horses,r,n,MOT,32329820_32331160,horse
*FAN,horses,d,y,MOT,32347500_32348500,horse
*FAN,house,r,y,MOT,18961310_18962480,house
*FAN,house,r,y,MOT,18993080_18995800,house
*FAN,lion,r,y,MOT,5730440_5731840,lion
*FAN,lion,d,n,MOT,8708890_8709890,lion
*FAN,mice,r,y,MOT,19006750_19008330,mouse
*FAN,mice,r,y,MOT,32331760_32333400,mouse
*FAN,moon,r,y,MOT,5666930_5668970,moon
*FAN,moon,r,y,MOT,5668970_5670060,moon
*MAN,mountains,r,y,MOT,5928350_5929700,mountain
*FAN,mountains,r,n,MOT,5985450_5987660,mountain
*FAN,movie,q,n,MOT,33051200_33052470,movie
*CXN,movie,d,n,MOT,33072890_33074120,movie
*FAN,pecan,d,y,MOT,33473840_33476070,pecan
*FAN,pecan,d,y,MOT,33473840_33476070,pecan
*NOF,pecans,q,y,MOT,33466650_33467450,pecan
*FAN,pecans,d,y,MOT,33469210_33470220,pecan
*FAN,phone,r,y,MOT,19042050_19043050,phone
*CXN,phone,q,y,MOT,29998930_30000060,phone
*FAN,pig,r,y,MOT,32299200_32301370,pig
*FAN,pig,r,y,MOT,32550990_32554170,pig
*FAN,pigs,d,y,MOT,5117620_5118620,pig
*FAN,pigs,d,y,MOT,32341310_32342420,pig
*FAN,pooh+sticks,r,y,MOT,31684710_31688390,stick
*FAN,presents,r,y,MOT,18617180_18620600,present
*FAN,presents,r,y,MOT,18922370_18923670,present
*OLN,puzzle,d,n,MOT,34136990_34138550,puzzle
*FAN,puzzle,d,n,MOT,34141160_34142160,puzzle
*FAN,sheep,d,n,MOT,32359410_32361730,sheep
*CXN,sheep,d,n,MOT,32361730_32363090,sheep
*FAN,snowman,r,y,MOT,4177740_4180840,snowman
*FAN,sticks,r,y,MOT,5956710_5959110,stick
*FAN,sticks,r,n,MOT,6192780_6195360,stick
*FAN,sweater,r,y,MOT,32784020_32786240,sweater
*FAN,sweater,r,y,MOT,32811400_32812030,sweater
*CHN,tailgate,r,y,MOT,17865610_17866060,tailgate
*CHN,tailgate,r,y,MOT,18032910_18033320,tailgate
*CHN,tires,r,y,MOT,17835490_17836720,tire
*CHN,tires,r,y,MOT,18233250_18233630,tire
*FAN,toys,r,y,MOT,5942370_5943770,NA
*FAN,toys,r,y,MOT,18838350_18840810,NA
*CXN,Bear+Hunt,d,n,TVS,39467020_39467820,bear
*CHN,Clifford,r,y,MOT,18562650_18563790,Clifford
*CXN,Curious+George's+Train,d,y,MOT,5148950_5149750,Curious+George's+Train
*FAN,God+Made+Light,d,y,MOT,5469390_5471410,God+Made+Light
*FAN,Happy+Hippo+Angry+Duck,d,y,MOT,32497070_32500930,Happy+Hippo+Angry+Duck
*FAN,I'm+Dirty,d,y,MOT,18091960_18092970,I'm+Dirty
*CHN,I+Stink,d,y,MOT,17817690_17817790,I+Stink
*FAN,Listen+To+The+Wind,d,y,MOT,5888110_5894140,Listen+To+The+Wind
*FAN,Madeline,d,y,MOT,18955100_18955700,Madeline
*FAN,Noisy+Train,d,y,MOT,5031870_5036400,Noisy+Train
*FAN,One+Mitten,d,y,MOT,5285340_5287150,One+Mitten
*FAN,Piglet+Hears+An+Echo,d,y,MOT,31670090_31670890,Piglet+Hears+An+Echo
*FAN,Snowmen+At+Christmas,d,y,MOT,4160020_4161400,Snowmen+At+Christmas
*FAN,We're+Going+On+A+Bear+Hunt,r,y,MOT,31957020_31957645,We're+Going+On+A+Bear+Hunt
*FAN,a,r,y,MOT,17916450_17917720,a
*FAN,apple+cores,r,y,MOT,17916450_17917720,apple
*FAN,alphabet+soup,r,n,MOT,17912390_17914840,soup
*OLN,applesauce+man,d,n,FAT,38252910_38254400,applesauce
*FAN,avenues,r,y,MOT,4215600_4216200,avenue
*CHN,b,r,y,MOT,17917720_17918030,b
*FAN,back,d,y,MOT,17591910_17593800,back
*CHN,banana+peels,r,y,MOT,17918030_17918360,banana
*FAN,barbecues,r,y,MOT,18167660_18168660,barbecue
*FAN,barge,r,n,MOT,18018690_18020700,barge
*FAN,beach+umbrellas,r,y,MOT,18158590_18159390,umbrella
*FAN,beacon,r,y,MOT,5861710_5864290,NA
*FAN,six,r,y,MOT,18165650_18167060,six
*FAN,bicycles,r,y,MOT,18165650_18167060,bicycle
*NON,bike,d,n,TVS,39481040_39484240,bike
*FAN,blackberry+bushes,r,y,MOT,32977960_32981820,blackberry
*FAN,blackberry+jam,r,y,MOT,32714880_32716710,jam
*FAN,blanket,r,y,MOT,19059460_19060060,blanket
*CHN,boom,r,n,MOT,18101830_18102280,NA
*FAN,box,r,y,MOT,6111310_6114680,box
*CHN,bunny,r,y,MOT,32304690_32305690,bunny
*NON,bus,s,n,FAT,39111030_39111830,bus
*OLN,bush,r,y,MOT,31809810_31810610,bush
*CHN,button,r,y,MOT,32818830_32819540,button
*FAN,c,r,y,MOT,17918360_17920200,c
*FAN,candy+wrapper,r,y,MOT,17918360_17920200,candy+wrapper
*FAN,toy,r,y,MOT,19113520_19114210,NA
*FAN,candy,r,y,MOT,19113520_19114210,candy
*FAN,candycanes,s,y,FAT,38285380_38287210,candycanes
*FAN,castles,r,y,MOT,5623650_5624750,castle
*FAN,cats,d,y,MOT,5124050_5125440,cat
*FAN,ceiling,r,y,MOT,19077730_19079240,ceiling
*FAN,chicks,r,y,MOT,32354720_32355990,chick
*CHN,chompers,r,y,MOT,18105320_18105920,chompers
*FAN,cocoa,r,n,MOT,4341920_4345700,cocoa
*FAN,reindeer,r,n,MOT,4341920_4345700,reindeer
*FAN,constellations,r,y,MOT,5728070_5730440,constellation
*FAN,shapes,r,y,MOT,5728070_5730440,NA
*FAN,formations,r,y,MOT,5728070_5730440,NA
*FAN,couches,r,y,MOT,18169260_18171940,couch
*FAN,three,r,y,MOT,18169260_18171940,three
*FAN,crank,r,y,MOT,19076000_19076600,crank
*FAN,crib,d,n,FAT,38637060_38637690,crib
*CXN,cupcake,q,n,MOT,32670410_32671210,cupcake
*CHN,curb,r,y,MOT,17860630_17861240,curb
*FAN,cutting+board,q,y,MOT,899900_902370,cutting+board
*CHN,d,r,y,MOT,17920310_17920550,d
*FAN,diapers,r,y,MOT,17920800_17922900,diaper
*FAN,digger,d,y,MOT,18096650_18097650,digger
*FAN,doll+house,r,y,MOT,19115210_19115810,doll+house
*FAN,driving+toy,d,n,MOT,11978010_11981230,NA
*OLN,dryer,d,y,MOT,18367400_18443000,dryer
*OLN,dumpster,r,y,MOT,18180310_18182510,dumpster
*FAN,e,r,y,MOT,17923500_17927430,e
*FAN,eggshells,r,y,MOT,17923500_17927430,eggshells
*FAN,f,r,y,MOT,17923500_17927430,f
*FAN,fish+heads,r,y,MOT,17923500_17927430,fish
*FAN,ears,r,y,MOT,32195960_32198310,ear
*FAN,fans,r,y,MOT,18157040_18158590,fan
*FAN,eight,r,y,MOT,18157040_18158590,eight
*FAN,eye,r,y,MOT,19053570_19055390,eye
*FAN,fence,r,y,MOT,18726130_18726730,fence
*CHN,fields,r,y,MOT,5575070_5576380,field
*OLN,fingernails,d,y,MOT,34225670_34226470,fingernail
*CHN,five,r,y,MOT,18167060_18167660,five
*CHN,flashlight,r,y,MOT,5700100_5700250,flashlight
*OLN,flat+bed+truck,r,y,MOT,18127730_18128530,truck
*FAN,flower,r,y,MOT,5561030_5562470,flower
*CHN,four,r,y,MOT,18169060_18169260,four
*FAN,fuzz,r,y,MOT,5365920_5367590,NA
*CHN,g,r,y,MOT,17927540_17928030,g
*FAN,galaxies,r,y,MOT,5527940_5529160,galaxy
*CHN,gas+pedals,r,n,MOT,17842890_17843720,gas+pedal
*NOF,gears,d,y,MOT,15789350_15792130,gear
*CXN,ghost,r,y,MOT,32915680_32918070,ghost
*TVF,glass,r,y,MOT,5416820_5417820,glass
*CHN,h,r,y,MOT,17931310_17931760,h
*FAN,hair+tie,q,y,MOT,32791000_32792000,hair+tie
*FAN,hearts,r,n,MOT,4357380_4357980,heart
*CXN,high+chair,q,y,MOT,3572140_3572990,high+chair
*FAN,hippo,r,y,MOT,32513710_32516300,hippo
*CHN,hole,r,y,MOT,18238450_18238860,hole
*FAN,hoover,d,n,MOT,7341790_7343930,hoover
*FAN,horse,r,y,MOT,32295130_32296750,horse
*FAN,hot+dogs,r,y,MOT,17932070_17933600,hot+dog
*CHN,i,r,y,MOT,17933790_17934240,i
*FAN,ice,r,n,MOT,19011290_19012010,ice
*FAN,ice+cream+cartons,r,y,MOT,17934240_17936580,ice+cream
*FAN,j,r,y,MOT,17934240_17936580,j
*TVF,iced+sweets,r,y,MOT,4302170_4303170,NA
*FAN,icicles,r,y,MOT,4272620_4274820,icicle
*FAN,jam,r,y,MOT,32708360_32710540,jam
*CHN,jam+jars,r,y,MOT,17936580_17937350,jar
*FAN,jammies,d,n,MOT,39368970_39370750,jammies
*OLN,jars,r,y,MOT,5723090_5723910,jar
*FAN,jumper,q,y,MOT,7979200_7980200,NA
*FAN,k,r,y,MOT,17937350_17938360,k
*FAN,kitty+litter,r,y,MOT,17937350_17938360,kitty+litter
*CHN,l,r,y,MOT,17938470_17939070,l
*CHN,y,r,y,MOT,17969910_17971560,y
*CHN,lamb,r,y,MOT,17969910_17971560,lamb
*FAN,lamp+lights,r,y,MOT,4216200_4218650,light
*FAN,lawn,r,y,MOT,5569230_5570980,lawn
*OLN,lawnchairs,r,y,MOT,18161580_18162380,lawnchair
*FAN,loader+bucket,r,y,MOT,18121130_18124060,bucket
*CHN,lobster+claws,r,y,MOT,17939070_17939290,lobster
*FAN,m,r,y,MOT,17941010_17942010,m
*FAN,meatballs,r,y,MOT,17941010_17942010,meatball
*CXN,marbles,q,n,TVS,39477700_39478830,marble
*FAN,mitten+bag+bed,r,y,MOT,5339440_5342260,mitten
*FAN,mitten+ears,r,y,MOT,5383250_5385060,mitten
*FAN,mitten+flag,r,y,MOT,5345690_5346290,mitten
*FAN,mitten+snail,r,y,MOT,5324210_5325490,mitten
*FAN,mitten+things,r,y,MOT,5386880_5389180,mitten
*FAN,shadow+shapes,r,y,MOT,5320190_5322930,shadow
*FAN,mitten+whale,r,y,MOT,5320190_5322930,mitten
*FAN,mitten+wings,r,y,MOT,5382090_5383250,mitten
*FAN,mouse,r,y,MOT,5090010_5091270,mouse
*FAN,mud+bath,r,y,MOT,18224350_18225730,mud+bath
*CHN,mud+cake,r,n,MOT,18240510_18243510,mud+cake
*CHN,sprinkles,r,n,MOT,18240510_18243510,sprinkles
*FAN,mud+pie,r,n,MOT,18137100_18139290,mud+pie
*NOF,muffin+mix,r,y,MOT,32763730_32765470,muffin
*FAN,n,r,y,MOT,17942610_17944400,n
*FAN,neckties,r,y,MOT,17942610_17944400,necktie
*FAN,needle,r,y,MOT,32814680_32815840,needle
*FAN,thread,r,y,MOT,32814680_32815840,thread
*FAN,nine,r,y,MOT,18156280_18157040,nine
*CHN,o,r,y,MOT,17944400_17945170,o
*CHN,orange+peels,r,y,MOT,17944400_17945170,orange
*OLN,one,r,y,MOT,18175010_18175820,one
*FAN,p,r,y,MOT,17945170_17948200,p
*FAN,puppy+poo,r,y,MOT,17945170_17948200,poo
*FAN,page,r,y,MOT,32435800_32438990,page
*OLN,pants,i,y,MOT,17565500_17567420,pants
*FAN,pencils,r,y,MOT,5944370_5946110,pencil
*FAN,pictures,r,n,MOT,4165240_4168570,NA
*CHN,pie,r,n,MOT,18135760_18136470,pie
*FAN,pinatas,r,y,MOT,18721440_18724330,pinata
*FAN,pins,r,n,MOT,18028250_18030530,pin
*MAN,poops,d,y,FAT,39397100_39398620,poop
*FAN,present,r,y,MOT,18927210_18930150,present
*FAN,puppets,r,y,MOT,32820580_32821660,puppet
*FAN,q,r,y,MOT,17949010_17951190,q
*FAN,quail+bones,r,y,MOT,17949010_17951190,quail
*CHN,r,r,y,MOT,17954690_17955640,r
*FAN,radishes,r,y,MOT,17955640_17957040,radish
*FAN,ram,r,n,MOT,18118510_18120450,ram
*CHN,ramp,r,y,MOT,18139910_18140810,ramp
*OLN,s,r,y,MOT,17957040_17957840,s
*CXN,sand,r,y,MOT,5624750_5625470,sand
*FAN,scar,r,y,MOT,19124760_19125360,scar
*FAN,seahorse,r,y,MOT,18337740_18338920,seahorse
*NOF,seat,r,y,MOT,5189040_5189840,seat
*FAN,seven,r,y,MOT,18159390_18161580,seven
*FAN,shadows,r,n,MOT,5832030_5833540,NA
*FAN,sheet,r,y,MOT,32961630_32962630,sheet
*FAN,signs,r,y,MOT,18171940_18172590,NA
*CHN,skunk,r,n,MOT,17996580_17998590,skunk
*FAN,sky,r,y,MOT,5696290_5699300,sky
*FAN,slide,r,y,MOT,5595760_5596460,slide
*FAN,snails,d,y,MOT,36892280_36893740,snail
*FAN,sneakers,r,y,MOT,17957840_17959150,sneakers
*FAN,snow+children,r,y,MOT,4289490_4291250,snow+children
*CHN,sock+puppets,r,y,MOT,32841890_32842310,puppet
*CHN,socks,r,y,MOT,32840990_32841480,socks
*FAF,squirmer+head,d,n,MOT,7134110_7135240,NA
*FAN,stack,r,n,MOT,4293820_4294820,stack
*FAN,star,r,y,MOT,5854130_5854730,star
*CXN,steel+arms,r,y,MOT,18117780_18118510,steel
*OLN,steering+wheels,r,n,MOT,17841440_17842890,steering+wheel
*FAN,stopper,r,y,MOT,18664960_18667710,stopper
*OLN,strawberry,d,y,MOT,15765700_15766500,strawberry
*FAN,streets,r,n,MOT,4209820_4211000,street
*CHN,stumpster,r,y,MOT,18220640_18221350,stump
*CHN,stumpy,r,y,MOT,18212870_18214380,stump
*CHN,switch,r,n,MOT,18031750_18032160,NA
*CHN,t,r,y,MOT,17959330_17959550,t
*FAN,t-shirts,r,y,MOT,17968500_17969100,t-shirt
*FAN,tailgate+sweeper,r,n,MOT,18034910_18037620,NA
*CXN,tea,r,y,MOT,5976800_5978070,tea
*CHN,ten,r,y,MOT,18153640_18154060,ten
*CHN,tent,r,y,MOT,5701760_5702660,tent
*FAN,thank+you+notes,d,n,MOT,11417300_11418410,note
*FAN,ticket,r,y,MOT,5190440_5191580,ticket
*FAN,tiger,r,y,MOT,19013410_19014810,tiger
*FAN,tire+trucks,r,n,MOT,18154600_18156280,truck
*FAN,tissue,d,y,MOT,16431110_16432900,tissue
*FAN,toes,d,y,MOT,14192360_14193630,toe
*FAN,two,r,y,MOT,18172590_18174410,two
*FAN,toilet+seats,r,y,MOT,18172590_18174410,toilet+seat
*OLN,tooth,q,y,MOT,17636580_17637380,tooth
*FAN,toothpaste+tubes,r,y,MOT,17959750_17960830,toothpaste
*CXN,towel,d,y,MOT,39276830_39277860,towel
*FAN,toy+dog,r,y,MOT,18822400_18823000,dog
*FAN,toy+shop+windows,r,y,MOT,4223480_4224860,window
*FAN,tracks,r,n,MOT,5255430_5257350,tracks
*FAN,trailer,r,y,MOT,5092280_5092880,trailer
*FAN,whistle,r,b,MOT,5204480_5210700,whistle
*FAN,window,r,y,MOT,5204480_5210700,window
*FAN,train+tracks,r,y,MOT,5204480_5210700,tracks
*CHN,trash,r,y,MOT,17852660_17854020,trash
*CHN,trucks,d,y,MOT,17827920_17828100,truck
*CHN,u,r,y,MOT,17961110_17961500,u
*FAN,underpants,r,y,MOT,17961500_17963180,underpants
*FAN,universe,r,n,MOT,5534500_5536530,universe
*CHN,v,r,y,MOT,17963180_17964730,v
*CHN,vacuum+bags,r,y,MOT,17963180_17964730,bag
*FAN,vines,r,y,MOT,18963080_18964870,vine
*FAN,w,r,y,MOT,17964730_17965980,w
*FAN,walker,q,y,MOT,3763910_3764900,walker
*FAN,washing+machine,r,y,MOT,18175820_18176950,washing+machine
*CXN,water,d,y,MOT,4046510_4047390,water
*FAN,watermelon,d,y,MOT,990740_991740,watermelon
*CHN,watermelon+rinds,r,y,MOT,17965980_17967150,watermelon
*FAN,wheat+fields,r,y,MOT,5562470_5564040,field
*OLN,wheels,s,n,FAT,39110230_39111030,wheel
*FAF,wipe,d,n,MOT,7209330_7211460,wipe
*FAN,woods,r,y,MOT,5702660_5703700,woods
*OLN,worms,d,y,MOT,36893740_36895090,worm
*FAN,x,r,y,MOT,17967150_17968500,x
*FAN,z,r,n,MOT,17971560_17974290,z
*FAN,ziti,r,y,MOT,17971560_17974290,ziti
*FAN,zucchini,r,n,MOT,17971560_17974290,zucchini
*FAF,zebra,d,n,MOT,11550910_11552980,zebra